gender,agency_gap,appearance_focus,emotional_typecast,none,objectification,occupation_gap,relationship_only,screen_time_disparity,victim_only,villainization
female,3.6666666666666665,5.0,3.0,24.333333333333336,0.6666666666666667,51.33333333333333,10.0,0.6666666666666667,0.33333333333333337,1.0
male,0.0,0.0,0.0,93.33333333333333,0.0,6.666666666666667,0.0,0.0,0.0,0.0
