stereotype_type,percentage
occupation_gap,49.2063492063492
none,27.61904761904762
relationship_only,9.523809523809524
appearance_focus,4.761904761904762
agency_gap,3.492063492063492
emotional_typecast,2.857142857142857
villainization,0.9523809523809524
objectification,0.6349206349206349
screen_time_disparity,0.6349206349206349
victim_only,0.31746031746031744
